month,category,tag,count
2605,A,犯罪,12
2605,A,偷拍,3
2605,A,教育,1
2605,A,暴力,5
2605,A,未成年,3
2605,A,性骚扰,1
2605,A,公职人员,1
2605,A,法律,1
2605,A,AI,1
2605,A,名誉权,0
2605,A,婚姻,2
2605,A,性侵,3
2605,A,故意杀人,3
2605,A,强奸,2
2605,A,投毒,1
2605,A,留学生,2
2605,A,职场,0
2605,A,舆论,1
2605,A,代孕,1
2605,A,媒体,1
2605,A,德国,1
2605,A,性别歧视,0
2605,A,文化,0
2605,A,跨国,1
2605,A,迷药,1
2605,A,金融,1
2605,B,犯罪,2
2605,B,偷拍,7
2605,B,教育,5
2605,B,暴力,0
2605,B,未成年,1
2605,B,性骚扰,3
2605,B,公职人员,2
2605,B,法律,3
2605,B,AI,2
2605,B,名誉权,3
2605,B,婚姻,1
2605,B,性侵,0
2605,B,故意杀人,0
2605,B,强奸,0
2605,B,投毒,0
2605,B,留学生,0
2605,B,职场,1
2605,B,舆论,0
2605,B,代孕,0
2605,B,媒体,0
2605,B,德国,0
2605,B,性别歧视,0
2605,B,文化,0
2605,B,跨国,0
2605,B,迷药,0
2605,B,金融,0
2605,C,犯罪,0
2605,C,偷拍,0
2605,C,教育,1
2605,C,暴力,0
2605,C,未成年,1
2605,C,性骚扰,1
2605,C,公职人员,1
2605,C,法律,0
2605,C,AI,0
2605,C,名誉权,0
2605,C,婚姻,0
2605,C,性侵,0
2605,C,故意杀人,0
2605,C,强奸,0
2605,C,投毒,0
2605,C,留学生,0
2605,C,职场,1
2605,C,舆论,1
2605,C,代孕,0
2605,C,媒体,0
2605,C,德国,0
2605,C,性别歧视,1
2605,C,文化,1
2605,C,跨国,0
2605,C,迷药,0
2605,C,金融,0
2605,D,犯罪,1
2605,D,偷拍,0
2605,D,教育,0
2605,D,暴力,2
2605,D,未成年,1
2605,D,性骚扰,0
2605,D,公职人员,0
2605,D,法律,0
2605,D,AI,0
2605,D,名誉权,0
2605,D,婚姻,0
2605,D,性侵,0
2605,D,故意杀人,0
2605,D,强奸,0
2605,D,投毒,0
2605,D,留学生,0
2605,D,职场,0
2605,D,舆论,0
2605,D,代孕,0
2605,D,媒体,0
2605,D,德国,0
2605,D,性别歧视,0
2605,D,文化,0
2605,D,跨国,0
2605,D,迷药,0
2605,D,金融,0
2605,N,犯罪,0
2605,N,偷拍,0
2605,N,教育,0
2605,N,暴力,0
2605,N,未成年,0
2605,N,性骚扰,0
2605,N,公职人员,0
2605,N,法律,0
2605,N,AI,0
2605,N,名誉权,0
2605,N,婚姻,0
2605,N,性侵,0
2605,N,故意杀人,0
2605,N,强奸,0
2605,N,投毒,1
2605,N,留学生,0
2605,N,职场,0
2605,N,舆论,0
2605,N,代孕,0
2605,N,媒体,0
2605,N,德国,0
2605,N,性别歧视,0
2605,N,文化,0
2605,N,跨国,0
2605,N,迷药,0
2605,N,金融,0
